text,url
REGISTER NOW,https://www.eventbrite.es/e/bam-inside-applied-mathematics-what-youll-actually-do-tickets-1985573472707
,https://www.ie.edu/university/studies/academic-programs/bachelor-applied-mathematics/the-program/#main-content
,https://www.instagram.com/goingtoieu/
,https://es.linkedin.com/school/ie-university/
,https://www.facebook.com/ieuniversity
,https://twitter.com/IEuniversity
,https://www.tiktok.com/@ieuniversity
,https://www.youtube.com/user/IEUniversity
,https://www.ie.edu/es/universidad/experienciaieu/podcast/
,https://www.ie.edu/es/universidad/estudios/oferta-academica/grado-matematicas-aplicadas/
,https://www.ie.edu/university/parents/
,https://www.ie.edu/university/counselors/
,https://blackboard.ie.edu/
,https://drivinginnovation.ie.edu/
,https://www.ie.edu/search-results/
,https://www.ie.edu/university/
,https://www.ie.edu/university/about/
,https://www.ie.edu/university/studies/
,https://www.ie.edu/university/admission/
,https://www.ie.edu/university/ieu-experience/
,https://www.ie.edu/university/resources/
,https://www.ie.edu/university/news-events/
,https://www.ie.edu/
,https://www.ie.edu/university/about/10-reasons/
,https://www.ie.edu/university/about/who-we-are/
,https://drivinginnovation.ie.edu/
,https://www.ie.edu/our-purpose/diversity/
,https://www.ie.edu/our-purpose/innovation/
,https://www.ie.edu/our-purpose/humanities/
,https://www.ie.edu/our-purpose/entrepreneurship/
,https://www.ie.edu/university/about/
,https://www.ie.edu/university/studies/academic-programs/
,https://www.ie.edu/university/studies/dual-degrees/
,https://www.ie.edu/masters/
,https://www.ie.edu/ie-summer-school/
,https://www.ie.edu/university/studies/visiting-students-program/
,https://www.ie.edu/university/studies/academic-programs/bachelor-applied-mathematics/
,https://www.ie.edu/university/studies/academic-programs/bachelor-architectural-studies/
,https://www.ie.edu/university/studies/academic-programs/bachelor-in-behavior-and-social-sciences/
,https://www.ie.edu/university/studies/academic-programs/two-paths-one-powerful-outcome/
,https://www.ie.edu/university/studies/academic-programs/bachelor-communication/
,https://www.ie.edu/university/studies/academic-programs/bachelor-computer-science-artificial-intelligence/
,https://www.ie.edu/university/studies/academic-programs/bachelor-data-business-analytics/
,https://www.ie.edu/university/studies/academic-programs/bachelor-design/
,https://www.ie.edu/university/studies/academic-programs/bachelor-economics/
,https://www.ie.edu/university/studies/academic-programs/bachelor-environmental-sciences-sustainability/
,https://www.ie.edu/university/studies/academic-programs/bachelor-in-fashion-design/
,https://www.ie.edu/university/studies/academic-programs/bachelor-in-humanities/
,https://www.ie.edu/university/studies/academic-programs/bachelor-international-relations/
,https://www.ie.edu/university/studies/academic-programs/bachelor-laws/
,https://www.ie.edu/university/studies/academic-programs/bachelor-philosophy-politics-law-economics-pple/
,https://www.ie.edu/university/studies/academic-programs/bachelor-political-science/
,https://www.ie.edu/compare-our-programs/?page=1&UNIT=48904
,https://www.ie.edu/find-your-program/?page=1
,https://www.ie.edu/university/studies/
,https://www.ie.edu/university/admission/admission-process/
,https://www.ie.edu/university/admission/the-students-path/
,https://www.ie.edu/university/admission/access-to-university/
,https://www.ie.edu/university/admission/enrollment/
,https://www.ie.edu/student-services/undergraduate/
,https://www.ie.edu/university/admission/welcome/
,https://www.ie.edu/university/admission/admission-process/application-form/
,https://www.ie.edu/university/admission/admission-process/admissions-test/
,https://www.ie.edu/university/admission/online-assessment-personal-interview/
,https://www.ie.edu/university/admission/admission-process/committee-decision/
,https://www.ie.edu/university/admission/
,https://www.ie.edu/university/about/study-in-madrid/
,https://www.ie.edu/university/about/study-in-segovia/
,https://www.ie.edu/university/ieu-experience/students/
,https://campuslife.ie.edu/
,https://www.ie.edu/university/ieu-experience/international-experience/
,https://www.ie.edu/university/ieu-experience/pre-college-activities/
,https://www.ie.edu/university/ieu-experience/ie-learning-spaces/
,https://www.ie.edu/university/ieu-experience/podcast/
,https://www.ie.edu/university/about/study-in-madrid/ie-tower/
,https://campustour.ie.edu/
,https://www.ie.edu/university/map/ie_university_ie_tower.html
,https://www.ie.edu/university/ieu-experience/
,https://www.ie.edu/university/about/faculty/
,https://research.ie.edu/
,https://www.ie.edu/university/about/faculty-stories/
,https://www.ie.edu/university/resources/academic-resources/
,https://www.ie.edu/university/resources/counseling/
,https://www.ie.edu/university/resources/talent-careers/
,https://www.ie.edu/university/resources/ie-impact/
,https://www.ie.edu/university/resources/academic-resources/advanced-seminars/
,https://www.ie.edu/university/resources/honours-program/
,https://www.ie.edu/university/resources/ie-labs/
,https://www.ie.edu/insights/
,https://docs.ie.edu/university/Calendarios/IEU-Academic-Calendar-2025-2026.pdf
,https://docs.ie.edu/university/Calendarios/IEU-Academic-Calendar-2026-2027.pdf
,https://www.ie.edu/school-of-humanities/the-language-center-at-ie-university/
,https://www.ie.edu/university/resources/academic-resources/#IEU-library
,https://www.ie.edu/university/resources/
,https://www.ie.edu/university/news-events/news/
,https://www.ie.edu/university/news-events/visit-us/
,https://events.ie.edu/all-events?filters%5Bprofile%5D=profile_undergraduate
,https://www.ie.edu/university/news-events/
"Apply. It will open in a new tab
APPLY",https://my.ie.edu/en/applyuni/?program=BAM
Home,https://www.ie.edu/university/
Studies,https://www.ie.edu/university/studies/
Undergraduate Degrees,https://www.ie.edu/university/studies/academic-programs/
,https://www.ie.edu/university/studies/academic-programs/bachelor-applied-mathematics/#content
,https://www.ie.edu/university/studies/academic-programs/bachelor-applied-mathematics/the-program/#content
,https://www.ie.edu/university/studies/academic-programs/bachelor-applied-mathematics/student-projects/#content
,https://www.ie.edu/university/studies/academic-programs/bachelor-applied-mathematics/beyond-the-classroom/#content
,https://www.ie.edu/university/studies/academic-programs/bachelor-applied-mathematics/your-future-path/#content
,https://www.ie.edu/university/studies/academic-programs/bachelor-applied-mathematics/admissions-fees/#content
,https://www.ie.edu/university/studies/academic-programs/bachelor-applied-mathematics/the-program/
,https://my.ie.edu/en/applyuni/?program=BAM
,https://www.ie.edu/university/studies/academic-programs/bachelor-applied-mathematics/#who-is-for
,https://www.ie.edu/university/studies/academic-programs/bachelor-applied-mathematics/#reasons
,https://www.ie.edu/university/studies/academic-programs/bachelor-applied-mathematics/#pillars
,https://www.ie.edu/university/studies/academic-programs/bachelor-applied-mathematics/#facultyresearch
,https://www.ie.edu/university/studies/academic-programs/bachelor-applied-mathematics/#duals
"PROGRAM DETAILS
THE PROGRAM",https://www.ie.edu/university/studies/academic-programs/bachelor-applied-mathematics/the-program/
,https://www.ie.edu/university/studies/academic-programs/bachelor-applied-mathematics/#content
,https://www.ie.edu/university/studies/academic-programs/bachelor-applied-mathematics/#who-is-for
,https://www.ie.edu/university/studies/academic-programs/bachelor-applied-mathematics/#reasons
,https://www.ie.edu/university/studies/academic-programs/bachelor-applied-mathematics/#pillars
,https://www.ie.edu/university/studies/academic-programs/bachelor-applied-mathematics/#facultyresearch
,https://www.ie.edu/university/studies/academic-programs/bachelor-applied-mathematics/#duals
,https://www.ie.edu/university/studies/academic-programs/bachelor-applied-mathematics/the-program/#content
,https://www.ie.edu/university/studies/academic-programs/bachelor-applied-mathematics/the-program/#study-plan
,https://www.ie.edu/university/studies/academic-programs/bachelor-applied-mathematics/the-program/#concentrations
,https://www.ie.edu/university/studies/academic-programs/bachelor-applied-mathematics/the-program/#RSME
,https://www.ie.edu/university/studies/academic-programs/bachelor-applied-mathematics/student-projects/#content
,https://www.ie.edu/university/studies/academic-programs/bachelor-applied-mathematics/beyond-the-classroom/#content
,https://www.ie.edu/university/studies/academic-programs/bachelor-applied-mathematics/beyond-the-classroom/#exchange-program
,https://www.ie.edu/university/studies/academic-programs/bachelor-applied-mathematics/beyond-the-classroom/#study-path
,https://www.ie.edu/university/studies/academic-programs/bachelor-applied-mathematics/beyond-the-classroom/#experience-students-words
,https://www.ie.edu/university/studies/academic-programs/bachelor-applied-mathematics/beyond-the-classroom/#academic-board
,https://www.ie.edu/university/studies/academic-programs/bachelor-applied-mathematics/beyond-the-classroom/#intheirshoes
,https://www.ie.edu/university/studies/academic-programs/bachelor-applied-mathematics/beyond-the-classroom/#podcast
,https://www.ie.edu/university/studies/academic-programs/bachelor-applied-mathematics/your-future-path/#content
,https://www.ie.edu/university/studies/academic-programs/bachelor-applied-mathematics/your-future-path/#career-opportunities
,https://www.ie.edu/university/studies/academic-programs/bachelor-applied-mathematics/your-future-path/#career-report
,https://www.ie.edu/university/studies/academic-programs/bachelor-applied-mathematics/your-future-path/#combinations
,https://www.ie.edu/university/studies/academic-programs/bachelor-applied-mathematics/your-future-path/#path
,https://www.ie.edu/university/studies/academic-programs/bachelor-applied-mathematics/admissions-fees/#content
,https://www.ie.edu/university/studies/academic-programs/bachelor-applied-mathematics/admissions-fees/#tuition
,https://www.ie.edu/university/studies/academic-programs/bachelor-applied-mathematics/admissions-fees/#application-process
,https://www.ie.edu/university/studies/academic-programs/bachelor-applied-mathematics/admissions-fees/#financial-aid
,https://www.ie.edu/university/studies/academic-programs/bachelor-applied-mathematics/admissions-fees/#admission-tests
,https://www.ie.edu/admissions/#faqs
Privacy Policy,https://www.ie.edu/privacy-policy/
soportededatos@ie.edu,mailto:soportededatos@ie.edu
,https://www.ie.edu/university/about/faculty/miguel-vaquero-2/
,https://docs.ie.edu/university/Grados/BAM/Fall_CalculusI.pdf
,https://www.ie.edu/university/about/faculty/irene-alda-ferrero/
,https://docs.ie.edu/university/Grados/BAM/Fall_LinearAlgebra.pdf
,https://www.ie.edu/university/about/faculty/simon-isaza/
,https://docs.ie.edu/university/Grados/BAM/Fall_DiscreteMathematics.pdf
,https://www.ie.edu/university/about/faculty/alexandre-anahory/
,https://docs.ie.edu/university/Grados/BAM/Fall_Geometry.pdf
,https://www.ie.edu/university/about/faculty/daniel-precioso-garcelan/
,https://docs.ie.edu/university/Grados/BAM/Fall_ComputerProgrammingI.pdf
,https://www.ie.edu/university/about/faculty/carlos/
,https://docs.ie.edu/university/Grados/BAM/Spring_CalculusII.pdf
,https://www.ie.edu/university/about/faculty/raul-perez-pelaez/
,https://docs.ie.edu/university/Grados/BAM/Spring_ComputerProgrammingII.pdf
,https://www.ie.edu/university/about/faculty/jaime-oliver-huidobro/
,https://docs.ie.edu/university/Grados/BAM/Spring_ProbStats.pdf
,https://www.ie.edu/university/about/faculty/javier-castellar-aldamiz-echevarria/
,https://docs.ie.edu/university/Grados/BAM/Spring_Databases.pdf
,https://www.ie.edu/university/about/faculty/javier-castellar-aldamiz-echevarria/
,https://docs.ie.edu/university/Grados/BAM/Spring_Datavisualization.pdf
,https://www.ie.edu/university/about/faculty/ruben-montoya-gonzalez/
,https://docs.ie.edu/university/Grados/BBA_REACREDITACION/Humanities.pdf
,https://www.ie.edu/university/about/faculty/adrian-portillo-fernandez/
,https://docs.ie.edu/university/Grados/BAM/Fall_ODEs.pdf
,https://www.ie.edu/university/about/faculty/ana-maria-glavan/
,https://docs.ie.edu/university/Grados/BAM/Fall_Numericalmethods.pdf
,https://www.ie.edu/university/about/faculty/manuel-navarro-garcia/
,https://docs.ie.edu/university/Grados/BAM/Fall_OptimizationI.pdf
,https://www.ie.edu/university/about/faculty/luciano-dyballa/
,https://docs.ie.edu/university/Grados/BAM/Fall_MachineLearning.pdf
,https://www.ie.edu/university/about/faculty/javier-bernad/
,https://www.ie.edu/university/about/faculty/irene-alda-ferrero/
,https://docs.ie.edu/university/Grados/BAM/Fall_Commskills.pdf
,https://www.ie.edu/university/about/faculty/jon-oleaga-guridi/
,https://docs.ie.edu/university/Grados/BBA_REACREDITACION/TECH.pdf
,https://www.ie.edu/university/about/faculty/david-gomez-ullate/
,https://docs.ie.edu/university/Grados/BAM/Spring_MathematicalModeling.pdf
,https://www.ie.edu/university/about/faculty/guillermo-penas-fernandez/
,https://www.ie.edu/university/about/faculty/borja-cadenato-palacio/
,https://docs.ie.edu/university/Grados/BAM/Spring_Approximation.pdf
,https://www.ie.edu/university/about/faculty/dae-jin-lee/
,https://docs.ie.edu/university/Grados/BAM/Spring_StatisticalModeling.pdf
,https://www.ie.edu/university/about/faculty/carlos/
,https://docs.ie.edu/university/Grados/BAM/Spring_OptimizationII.pdf
,https://www.ie.edu/university/about/faculty/daniel-soriano-hernandez/
,https://docs.ie.edu/university/Grados/BIE_acreditacion/IE_Impact_Entrepreneurship.pdf
,https://docs.ie.edu/university/Grados/BAM/EDPs.pdf
,https://www.ie.edu/university/about/faculty/rafael-ballester-ripoll/
,https://docs.ie.edu/university/Grados/BAM/Algorithms.pdf
,https://www.ie.edu/university/about/faculty/bissan-ghaddar/
,https://docs.ie.edu/university/Grados/BAM/optimizationIII.pdf
,https://www.ie.edu/university/about/faculty/ignacio-zubizarreta-ballesteros/
,https://docs.ie.edu/university/Grados/BAM/numericallinearalgebra.pdf
,https://www.ie.edu/university/about/faculty/manuele-leonelli/
,https://docs.ie.edu/university/Grados/BAM/bayesianstatistics_stocproc.pdf
,https://www.ie.edu/university/about/faculty/alexandre-anahory/
,https://docs.ie.edu/university/Grados/BAM/nonlineardynamics.pdf
,https://www.ie.edu/university/about/faculty/luciano-dyballa/
,https://docs.ie.edu/university/Grados/BAM/deeplearning.pdf
CONTACT THE ADMISSIONS DEPARTMENT FOR DETAILS AND UPDATES,https://www.ie.edu/university/admission/
"Click here!. It will open in a new tab
CLICK HERE!",https://issuu.com/ieuniversidad/docs/bachelor_in_applied_mathematics_course_description
"DISCOVER MORE. IT WILL OPEN IN A NEW TAB
DISCOVER MORE",https://landings.ie.edu/uni-learning-videos-probability-math
"Discover the center. It will open in a new tab
DISCOVER THE CENTER",https://www.ie.edu/school-of-humanities/the-language-center-at-ie-university/
"Check here. It will open in a new tab
CHECK HERE",https://www.ie.edu/university/regulations-quality/regulations/
"Blog detail. It will open in a new tab
IS A MATH DEGREE REALLY THAT HARD? WE ASKED STUDENTS TO FIND OUT
LEARNING & ACADEMICS, BACHELOR IN APPLIED MATHEMATICS, MATHEMATICS",https://drivinginnovation.ie.edu/?p=51628
"Blog detail. It will open in a new tab
MATH AND LOGIC PUZZLES THAT WILL MAKE YOU THINK TWICE
LEARNING & ACADEMICS, BACHELOR IN APPLIED MATHEMATICS, BACHELOR IN DATA AND BUSINESS ANALYTICS, LOGIC",https://drivinginnovation.ie.edu/?p=51561
Blog detail. It will open in a new tab,https://drivinginnovation.ie.edu/?p=51529
,https://drivinginnovation.ie.edu/?p=51522
,https://drivinginnovation.ie.edu/2023/12/07/insights-and-expertise-from-real-world-professionals-with-the-bachelor-in-mathematics/
,https://drivinginnovation.ie.edu/index.php/2023/12/07/insights-and-expertise-from-real-world-professionals-with-the-bachelor-in-mathematics/
,https://drivinginnovation.ie.edu/2023/11/24/what-to-expect-in-your-first-year-in-the-bachelor-in-applied-mathematics/
,https://drivinginnovation.ie.edu/index.php/2023/11/24/what-to-expect-in-your-first-year-in-the-bachelor-in-applied-mathematics/
,https://drivinginnovation.ie.edu/2022/09/08/as-the-world-of-work-evolves-ie-university-launches-three-new-future-proofed-programs/
,https://drivinginnovation.ie.edu/index.php/2022/09/08/as-the-world-of-work-evolves-ie-university-launches-three-new-future-proofed-programs/
"DISCOVER MORE BLOGS. IT WILL OPEN IN A NEW TAB
DISCOVER MORE BLOGS",https://drivinginnovation.ie.edu/
,https://my.ie.edu/en/applyuni/?program=BAM
,https://www.ie.edu/chat-students-staff/
,https://campustour.ie.edu/
,https://www.ie.edu/school-science-technology/
"VISIT IE SCHOOL OF SCIENCE & TECHNOLOGY. IT WILL OPEN IN A NEW TAB
VISIT IE SCHOOL OF SCIENCE & TECHNOLOGY",https://www.ie.edu/school-science-technology/
"CAMPUS TOUR. IT WILL OPEN IN A NEW TAB
CAMPUS TOUR",https://campustour.ie.edu/
"CHAT WITH STUDENTS/STAFF. IT WILL OPEN IN A NEW TAB
CHAT WITH STUDENTS/STAFF",https://www.ie.edu/chat-students-staff/
"APPLY. IT WILL OPEN IN A NEW TAB
APPLY",https://my.ie.edu/en/applyuni/?program=BAM
,https://www.ie.edu/our-purpose/
,https://www.ie.edu/our-purpose/
,https://www.ie.edu/diversity/
,https://www.ie.edu/our-purpose/innovation/
,https://www.ie.edu/our-purpose/humanities/
,https://www.ie.edu/entrepreneurship/
,https://www.ie.edu/diversity/
,https://www.ie.edu/our-purpose/innovation/
,https://www.ie.edu/our-purpose/humanities/
,https://www.ie.edu/entrepreneurship/
"IE Business School. It will open in a new tab
IE BUSINESS SCHOOL",https://www.ie.edu/business-school/
"IE University. It will open in a new tab
IE UNIVERSITY",https://www.ie.edu/university/
"IE School of Politics, Economics and Global Affairs. It will open in a new tab
IE SCHOOL OF POLITICS, ECONOMICS AND GLOBAL AFFAIRS",https://www.ie.edu/school-politics-economics-global-affairs/
"IE Law School. It will open in a new tab
IE LAW SCHOOL",https://www.ie.edu/law-school/
"IE Lifelong Learning. It will open in a new tab
IE LIFELONG LEARNING",https://www.ie.edu/lifelong-learning/
"IE School of Architecture and Design. It will open in a new tab
IE SCHOOL OF ARCHITECTURE AND DESIGN",https://www.ie.edu/school-architecture-design/
"IE Foundation. It will open in a new tab
IE FOUNDATION",https://www.ie.edu/ie-foundation/
"IE School of Science & Technology. It will open in a new tab
IE SCHOOL OF SCIENCE & TECHNOLOGY",https://www.ie.edu/school-science-technology/
"IE Edu. It will open in a new tab
IE EDU",https://www.ie.edu/
"IE School of Humanities. It will open in a new tab
IE SCHOOL OF HUMANITIES",https://www.ie.edu/school-of-humanities/
"IE Summer School. It will open in a new tab
IE SUMMER SCHOOL",https://www.ie.edu/ie-summer-school/
ALL UNDERGRADUATE DEGREES,https://www.ie.edu/university/studies/academic-programs/
"Legal Notice. It will open in a new tab
Legal Notice",https://www.ie.edu/legal-notice/
"Privacy Policy. It will open in a new tab
Privacy Policy",https://www.ie.edu/privacy-policy/
"Cookie Policy. It will open in a new tab
Cookie Policy",https://www.ie.edu/cookie-policy/
"Security Policy. It will open in a new tab
Security Policy",https://www.ie.edu/security-policy/
"International Offices. It will open in a new tab
International Offices",https://www.ie.edu/international-offices/
"Communications Team. It will open in a new tab
Communications Team",https://www.ie.edu/communications-team/
"Student Academic Standards. It will open in a new tab
Student Academic Standards",https://www.ie.edu/student-academic-standards/
"Contact. It will open in a new tab
Contact",https://www.ie.edu/university/contactus/
"IE Jobs. It will open in a new tab
IE Jobs",https://www.ie.edu/jobs/
"IE Store. It will open in a new tab
IE Store",https://store.ie.edu/?_gl=1*15d96gq*_gcl_aw*R0NMLjE3NTA5MzE1MjYuQ2p3S0NBanczX1BDQmhBMkVpd0FrSF9qNGt1SDhhUzdSdXJjQ0drZmtZY0JKMWNVY2JDOWN1Z3NpRWVKVFhfQkVGSlR5LXJibUJjMmVob0NkRFFRQXZEX0J3RQ..*_gcl_dc*R0NMLjE3NTA5MzE1MjYuQ2p3S0NBanczX1BDQmhBMkVpd0FrSF9qNGt1SD
"Donate. It will open in a new tab
Donate",https://www.ie.edu/ie-foundation/giving/
"Compliance Channel. It will open in a new tab
Compliance Channel",https://whistleblowersoftware.com/secure/canalcompliance
"Site Map. It will open in a new tab
Site Map",https://www.ie.edu/university/sitemap/
Cookie Settings,https://www.ie.edu/university/studies/academic-programs/bachelor-applied-mathematics/the-program/#
Instagram. It will open in a new tab,https://www.instagram.com/goingtoieu/
Linkedin. It will open in a new tab,https://es.linkedin.com/school/ie-university/
Facebook. It will open in a new tab,https://www.facebook.com/ieuniversity
Twitter. It will open in a new tab,https://twitter.com/IEuniversity
Tiktok. It will open in a new tab,https://www.tiktok.com/@ieuniversity
Youtube. It will open in a new tab,https://www.youtube.com/user/IEUniversity
Podcast. It will open in a new tab,https://www.ie.edu/es/universidad/experienciaieu/podcast/
Cookies Policy,https://www.ie.edu/cookie-policy/
,https://cookiepedia.co.uk/giving-consent-to-cookies
,https://www.onetrust.com/products/cookie-consent/
